Model,Threshold,TN,FP,FN,TP,Precision,Recall,F1 Score,PR-AUC,ROC-AUC
Tuned XGBoost,0.5,28324,2,7,40,0.9523809523809523,0.851063829787234,0.898876404494382,0.8966651448187085,0.9865810074497379
