Model,Threshold,TN,FP,FN,TP,Precision,Recall,F1 Score,PR-AUC,ROC-AUC
Tuned XGBoost,0.5,28324,2,7,40,0.9523809523809523,0.851063829787234,0.898876404494382,0.8966651448187085,0.9865810074497379
Tuned LightGBM,0.5,28324,2,8,39,0.9512195121951219,0.8297872340425532,0.8863636363636364,0.8921708961623255,0.9839783313127853
Tuned Random Forest,0.3,28322,4,6,41,0.9111111111111111,0.8723404255319149,0.8913043478260869,0.885992905010943,0.9655098466036014
Logistic Regression Baseline,0.1,28316,10,7,40,0.8,0.851063829787234,0.8247422680412371,0.7451953816161572,0.9674090866071469
