,Precision,Recall,F1 Score,PR-AUC,ROC-AUC
Dummy Baseline,0.0,0.0,0.0,0.0016682722808336662,0.5
Logistic Regression,0.8461538461538461,0.6197183098591549,0.7154471544715447,0.7228271628719523,0.973917407665727
Decision Tree,0.04095112285336856,0.8732394366197183,0.07823343848580441,0.4250353798847824,0.9368264046716752
