Threshold,TN,FP,FN,TP,Precision,Recall,F1 Score
0.01,42391,97,12,59,0.3782051282051282,0.8309859154929577,0.5198237885462555
0.05,42462,26,15,56,0.6829268292682927,0.7887323943661971,0.7320261437908496
0.1,42470,18,17,54,0.75,0.7605633802816901,0.7552447552447552
0.3,42473,15,23,48,0.7619047619047619,0.676056338028169,0.7164179104477612
0.5,42480,8,27,44,0.8461538461538461,0.6197183098591549,0.7154471544715447
0.7,42482,6,32,39,0.8666666666666667,0.5492957746478874,0.6724137931034483
