Class,count,proportion
0,283253,0.9983328986416472
1,473,0.001667101358352777
