,count,mean,std,min,25%,50%,75%,max
Time,473.0,80450.51374207188,48636.179973291575,406.0,41203.0,73408.0,129095.0,170348.0
Amount,473.0,123.87186046511628,260.21104064437054,0.0,1.0,9.82,105.89,2125.87
