,count,mean,std,min,25%,50%,75%,max
Time,283726.0,94811.07759951502,47481.047890619506,0.0,54204.75,84692.5,139298.0,172792.0
Amount,283726.0,88.47268731099724,250.39943711577337,0.0,5.6,22.0,77.51,25691.16
